-- 5. Fill in tables.

USE metalcatalogue;

insert into Bands(BandName,Country)
values ('Metallica', 'USA'),
       ('Exodus', 'USA'),
       ('Pantera', 'USA'),
       ('Megadeth', 'USA'),
       ('Kreator', 'Germany'),
       ('Blind Guardian', 'Germany'),
       ('Gojira', 'France'),
       ('Sepultura', 'Brazil'),
       ('In Flames', 'Sweden'),
       ('Sabaton', 'Sweden'),
       ('Amorphis', 'Finland');

insert into Albums(AlbumName,BandID,BandName,Releaseyear)
values ('Ride the Lightning', 1, 'Metallica', 1984),
       ('Master of Puppets', 1, 'Metallica', 1986),
       ('And Justice for All', 1, 'Metallica', 1988),

       ('Bonded by Blood', 2, 'Exodus', 1985),
       ('Fabulous Disaster', 2, 'Exodus', 1989),
       ('Force of Habit', 2, 'Exodus', 1992),

       ('Cowboys from Hell', 3, 'Pantera', 1990),
       ('Vulgar Display of Power', 3, 'Pantera', 1992),
       ('Far Beyond Driven', 3, 'Pantera', 1994),

       ('Peace Sells', 4, 'Megadeth', 1986),
       ('Rust in Peace', 4, 'Megadeth', 1990),
       ('Countdown to Extinction', 4, 'Megadeth', 1992),

       ('Extreme Aggression', 5, 'Kreator', 1989),
       ('Coma of Souls', 5, 'Kreator', 1990),

       ('Battalions of Fear', 6, 'Blind Guardian', 1988),
       ('Follow the Blind ', 6, 'Blind Guardian', 1989),

       ('From Mars to Sirius', 7, 'Gojira', 2005),
       ('Magma', 7, 'Gojira', 2016),

       ('Arise', 8, 'Sepultura', 1991),
       ('Roots', 8, 'Sepultura', 1996),

       ('The Jester Race', 9, 'In Flames', 1996),
       ('Colony', 9, 'In Flames', 1999),

       ('Primo Victoria', 10, 'Sabaton', 2005),
       ('Carolus Rex', 10, 'Sabaton', 2012);

insert into Songs (Songnum,Songname,BandID,BandName,AlbumID,AlbumName)

values (1, 'Fight Fire with Fire', 1, 'Metallica', 1, 'Ride the Lightning'),
       (2, 'Ride the Lightning', 1, 'Metallica', 1, 'Ride the Lightning'),
       (3, 'For Whom the Bell Tolls', 1, 'Metallica', 1, 'Ride the Lightning'),
       (4, 'Fade to Black', 1, 'Metallica', 1, 'Ride the Lightning'),
       (5, 'Trapped Under Ice', 1, 'Metallica', 1, 'Ride the Lightning'),
       (6, 'Ride the Lightning', 1, 'Metallica', 1, 'Ride the Lightning'),
       (7, 'Escape', 1, 'Metallica', 1, 'Ride the Lightning'),
       (8, 'Creeping Death', 1, 'Metallica', 1, 'Ride the Lightning'),
       (9, 'The Call of Ktulu', 1, 'Metallica', 1, 'Ride the Lightning'),

       (1, 'Battery', 1, 'Metallica', 2, 'Master of Puppets'),
       (2, 'Master of Puppets', 1, 'Metallica', 2, 'Master of Puppets'),
       (3, 'The Thing That Should Not Be', 1, 'Metallica', 2, 'Master of Puppets'),
       (4, 'Welcome Home (Sanitarium)', 1, 'Metallica', 2, 'Master of Puppets'),
       (5, 'Disposable Heroes', 1, 'Metallica', 2, 'Master of Puppets'),
       (6, 'Leper Messiah', 1, 'Metallica', 2, 'Master of Puppets'),
       (7, 'Orion', 1, 'Metallica', 2, 'Master of Puppets'),
       (8, 'Damage, Inc.', 1, 'Metallica', 2, 'Master of Puppets'),

       (1, 'Bonded by Blood', 2, 'Exodus', 4, 'Bonded by Blood'),
       (2, 'Exodus', 2, 'Exodus', 4, 'Bonded by Blood'),
       (3, 'And Then There Were None', 2, 'Exodus', 4, 'Bonded by Blood'),
       (4, 'A Lesson in Violence', 2, 'Exodus', 4, 'Bonded by Blood'),
       (5, 'Metal Command', 2, 'Exodus', 4, 'Bonded by Blood'),
       (6, 'Piranha', 2, 'Exodus', 4, 'Bonded by Blood'),
       (7, 'No Love', 2, 'Exodus', 4, 'Bonded by Blood'),
       (8, 'Deliver Us to Evil', 2, 'Exodus', 4, 'Bonded by Blood'),
       (9, 'Strike of the Beast', 2, 'Exodus', 4, 'Bonded by Blood'),

       (1, 'Cowboys from Hell', 3, 'Pantera', 7, 'Cowboys from Hell'),
       (2, 'Primal Concrete Sledge', 3, 'Pantera', 7, 'Cowboys from Hell'),
       (3, 'Psycho Holiday', 3, 'Pantera', 7, 'Cowboys from Hell'),
       (4, 'Heresy', 3, 'Pantera', 7, 'Cowboys from Hell'),
       (5, 'Cemetery Gates', 3, 'Pantera', 7, 'Cowboys from Hell'),
       (6, 'Domination', 3, 'Pantera', 7, 'Cowboys from Hell'),
       (7, 'Shattered', 3, 'Pantera', 7, 'Cowboys from Hell'),
       (8, 'Clash with Reality', 3, 'Pantera', 7, 'Cowboys from Hell'),
       (9, 'Medicine Man', 3, 'Pantera', 7, 'Cowboys from Hell'),
       (10, 'Message in Blood', 3, 'Pantera', 7, 'Cowboys from Hell'),
       (11, 'The Sleep', 3, 'Pantera', 7, 'Cowboys from Hell'),
       (12, 'The Art of Shredding', 3, 'Pantera', 7, 'Cowboys from Hell'),

       (1, 'Holy Wars... The Punishment Due', 4, 'Megadeth', 11, 'Rust in Peace'),
       (2, 'Hangar 18', 4, 'Megadeth', 11, 'Rust in Peace'),
       (3, 'Take No Prisoners', 4, 'Megadeth', 11, 'Rust in Peace'),
       (4, 'Five Magics', 4, 'Megadeth', 11, 'Rust in Peace'),
       (5, 'Poison Was the Cure', 4, 'Megadeth', 11, 'Rust in Peace'),
       (6, 'Lucretia', 4, 'Megadeth', 11, 'Rust in Peace'),
       (7, 'Tornado of Souls', 4, 'Megadeth', 11, 'Rust in Peace'),
       (8, 'Dawn Patrol', 4, 'Megadeth', 11, 'Rust in Peace'),
       (9, 'Rust in Peace... Polaris', 4, 'Megadeth', 11, 'Rust in Peace'),

       (1, 'When the Sun Burns Red', 5, 'Kreator', 14, 'Coma of Souls'),
       (2, 'Coma of Souls', 5, 'Kreator', 14, 'Coma of Souls'),
       (3, 'People of the Lie', 5, 'Kreator', 14, 'Coma of Souls'),
       (4, 'World Beyond', 5, 'Kreator', 14, 'Coma of Souls'),
       (5, 'Terror Zone', 5, 'Kreator', 14, 'Coma of Souls'),
       (6, 'Agents of Brutality', 5, 'Kreator', 14, 'Coma of Souls'),
       (7, 'Material World Paranoia', 5, 'Kreator', 14, 'Coma of Souls'),
       (8, 'Twisted Urges', 5, 'Kreator', 14, 'Coma of Souls'),
       (9, 'Hidden Dictator', 5, 'Kreator', 14, 'Coma of Souls'),
       (10, 'Mental Slavery', 5, 'Kreator', 14, 'Coma of Souls'),

       (1, 'Majesty', 6, 'Blind Guardian', 15, 'Battalions of Fear'),
       (2, 'Guardian of the Blind', 6, 'Blind Guardian', 15, 'Battalions of Fear'),
       (3, 'Trial by the Archon', 6, 'Blind Guardian', 15, 'Battalions of Fear'),
       (4, 'Wizards Crown', 6, 'Blind Guardian', 15, 'Battalions of Fear'),
       (5, 'Run for the Night', 6, 'Blind Guardian', 15, 'Battalions of Fear'),
       (6, 'The Martyr', 6, 'Blind Guardian', 15, 'Battalions of Fear'),
       (7, 'Battalions of Fear', 6, 'Blind Guardian', 15, 'Battalions of Fear'),
       (8, 'By the Gates of Moria', 6, 'Blind Guardian', 15, 'Battalions of Fear'),

       (1, 'Ocean Planet', 7, 'Gojira', 17, 'From Mars to Sirius'),
       (2, 'Backbone', 7, 'Gojira', 17, 'From Mars to Sirius'),
       (3, 'From the Sky', 7, 'Gojira', 17, 'From Mars to Sirius'),
       (4, 'Unicorn', 7, 'Gojira', 17, 'From Mars to Sirius'),
       (5, 'Where Dragons Dwell', 7, 'Gojira', 17, 'From Mars to Sirius'),
       (6, 'The Heaviest Matter of the Universe', 7, 'Gojira', 17, 'From Mars to Sirius'),
       (7, 'Flying Whales', 7, 'Gojira', 17, 'From Mars to Sirius'),
       (8, 'In the Wilderness', 7, 'Gojira', 17, 'From Mars to Sirius'),
       (9, 'World to Come', 7, 'Gojira', 17, 'From Mars to Sirius'),
       (10, 'From Mars', 7, 'Gojira', 17, 'From Mars to Sirius'),
       (11, 'To Sirius', 7, 'Gojira', 17, 'From Mars to Sirius'),
       (12, 'Global Warming', 7, 'Gojira', 17, 'From Mars to Sirius'),

       (1, 'Arise', 8, 'Sepultura', 19, 'Arise'),
       (2, 'Dead Embryonic Cells', 8, 'Sepultura', 19, 'Arise'),
       (3, 'Desperate Cry', 8, 'Sepultura', 19, 'Arise'),
       (4, 'Murder', 8, 'Sepultura', 19, 'Arise'),
       (5, 'Subtraction', 8, 'Sepultura', 19, 'Arise'),
       (6, 'Altered State', 8, 'Sepultura', 19, 'Arise'),
       (7, 'Under Siege (Regnum Irae)', 8, 'Sepultura', 19, 'Arise'),
       (8, 'Meaningless Movements', 8, 'Sepultura', 19, 'Arise'),
       (9, 'Infected Voice', 8, 'Sepultura', 19, 'Arise'),

       (1, 'Embody the Invisible', 9, 'In Flames', 22, 'Colony'),
       (2, 'Ordinary Story', 9, 'In Flames', 22, 'Colony'),
       (3, 'Scorn', 9, 'In Flames', 22, 'Colony'),
       (4, 'Colony', 9, 'In Flames', 22, 'Colony'),
       (5, 'Zombie Inc.', 9, 'In Flames', 22, 'Colony'),
       (6, 'Pallar Anders Visa', 9, 'In Flames', 22, 'Colony'),
       (7, 'Coerced Coexistence', 9, 'In Flames', 22, 'Colony'),
       (8, 'Resin', 9, 'In Flames', 22, 'Colony'),
       (9, 'Behind Space 99', 9, 'In Flames', 22, 'Colony'),
       (10, 'Insipid 2000', 9, 'In Flames', 22, 'Colony'),
       (11, 'The New Word', 9, 'In Flames', 22, 'Colony'),

       (1, 'Dominium Maris Baltici', 10, 'Sabaton', 24, 'Carolus Rex'),
       (2, 'The Lion from the North', 10, 'Sabaton', 24, 'Carolus Rex'),
       (3, 'Gott mit uns', 10, 'Sabaton', 24, 'Carolus Rex'),
       (4, 'A Lifetime of War', 10, 'Sabaton', 24, 'Carolus Rex'),
       (5, '1648', 10, 'Sabaton', 24, 'Carolus Rex'),
       (6, 'The Caroleans Prayer', 10, 'Sabaton', 24, 'Carolus Rex'),
       (7, 'Carolus Rex', 10, 'Sabaton', 24, 'Carolus Rex'),
       (8, 'Killing Ground', 10, 'Sabaton', 24, 'Carolus Rex'),
       (9, 'Poltava', 10, 'Sabaton', 24, 'Carolus Rex'),
       (10, 'Long Live the King', 10, 'Sabaton', 24, 'Carolus Rex'),
       (11, 'Ruina Imperii', 10, 'Sabaton', 24, 'Carolus Rex');
